{"frames": {

"explosion_1.png":
{
	"frame": {"x":0,"y":0,"w":90,"h":90},
	"rotated": false,
	"trimmed": false,
	"spriteSourceSize": {"x":0,"y":0,"w":90,"h":90},
	"sourceSize": {"w":90,"h":90}
},
"explosion_2.png":
{
	"frame": {"x":90,"y":0,"w":90,"h":90},
	"rotated": false,
	"trimmed": false,
	"spriteSourceSize": {"x":0,"y":0,"w":90,"h":90},
	"sourceSize": {"w":90,"h":90}
},
"explosion_3.png":
{
	"frame": {"x":180,"y":0,"w":90,"h":90},
	"rotated": false,
	"trimmed": false,
	"spriteSourceSize": {"x":0,"y":0,"w":90,"h":90},
	"sourceSize": {"w":90,"h":90}
},
"explosion_4.png":
{
	"frame": {"x":270,"y":0,"w":90,"h":90},
	"rotated": false,
	"trimmed": false,
	"spriteSourceSize": {"x":0,"y":0,"w":90,"h":90},
	"sourceSize": {"w":90,"h":90}
},
"explosion_5.png":
{
	"frame": {"x":360,"y":0,"w":90,"h":90},
	"rotated": false,
	"trimmed": false,
	"spriteSourceSize": {"x":0,"y":0,"w":90,"h":90},
	"sourceSize": {"w":90,"h":90}
},
"explosion_6.png":
{
	"frame": {"x":450,"y":0,"w":90,"h":90},
	"rotated": false,
	"trimmed": false,
	"spriteSourceSize": {"x":0,"y":0,"w":90,"h":90},
	"sourceSize": {"w":90,"h":90}
},
"explosion_7.png":
{
	"frame": {"x":540,"y":0,"w":90,"h":90},
	"rotated": false,
	"trimmed": false,
	"spriteSourceSize": {"x":0,"y":0,"w":90,"h":90},
	"sourceSize": {"w":90,"h":90}
},
"explosion_8.png":
{
	"frame": {"x":630,"y":0,"w":90,"h":90},
	"rotated": false,
	"trimmed": false,
	"spriteSourceSize": {"x":0,"y":0,"w":90,"h":90},
	"sourceSize": {"w":90,"h":90}
}},
"animations": {
	"explosion": ["explosion_1.png","explosion_2.png","explosion_3.png","explosion_4.png","explosion_5.png","explosion_6.png","explosion_7.png","explosion_8.png"]
},
"meta": {
	"app": "https://www.codeandweb.com/texturepacker",
	"version": "1.0",
	"image": "explosion.png",
	"format": "RGBA8888",
	"size": {"w":720,"h":90},
	"scale": "1",
	"smartupdate": "$TexturePacker:SmartUpdate:3f67f95dd1117b115b71a497466bc08b:ce22e5677b9b34a3ea01d097993118a9:900e1fb3093a9a6ecb2b2b49071c44f7$"
}
}
