{"frames": {

"blast_1.png":
{
	"frame": {"x":0,"y":0,"w":16,"h":16},
	"rotated": false,
	"trimmed": false,
	"spriteSourceSize": {"x":0,"y":0,"w":16,"h":16},
	"sourceSize": {"w":16,"h":16},
	"anchor": {"x":0.5,"y":0.5}
},
"blast_2.png":
{
	"frame": {"x":16,"y":0,"w":16,"h":16},
	"rotated": false,
	"trimmed": false,
	"spriteSourceSize": {"x":0,"y":0,"w":16,"h":16},
	"sourceSize": {"w":16,"h":16},
	"anchor": {"x":0.5,"y":0.5}
},
"blast_3.png":
{
	"frame": {"x":32,"y":0,"w":16,"h":16},
	"rotated": false,
	"trimmed": false,
	"spriteSourceSize": {"x":0,"y":0,"w":16,"h":16},
	"sourceSize": {"w":16,"h":16},
	"anchor": {"x":0.5,"y":0.5}
}},
"animations": {
	"blast": ["blast_1.png","blast_2.png","blast_3.png"]
},
"meta": {
	"app": "https://www.codeandweb.com/texturepacker",
	"version": "1.0",
	"image": "blast.png",
	"format": "RGBA8888",
	"size": {"w":48,"h":16},
	"scale": "1",
	"smartupdate": "$TexturePacker:SmartUpdate:b428d32e4c63f1da6bdd2377d64be054:ec2c9c2b131a53a3161883f3510e55d9:d91ec9cc2e1c854e47e0ad5e59559478$"
}
}
